{
    "id": "cssconf",
    "api_id": "e17fab908d66d0e4c66b660152e58370",
    "name": "CSSConf",
    "dates": [{
        "id": "519e6ab4ecdcc48b64000006",
        "date": "2013-06-27",
        "start_time": "20:00",
        "end_time": "22:00"
    }, {
        "id": "519e5fadecdcc4217c000006",
        "date": "2013-06-28",
        "start_time": "08:00",
        "end_time": "22:30"
    }],
    "session_waitlists": false,
    "minute_increments": 15,
    "use_24_hour_clock": true,
    "meta": {}
}
