[{
    "public": true,
    "id": "519e69d9ecdcc48b64000003",
    "name": "PayPal Opening Party",
    "code": null,
    "description": "After a long day of travel, come to the Falcon's Nest for an evening welcome reception and social gathering. Meet old friends, make new friends, and enjoy some billiards! Help us kick off the inaugural CSSConf in style.",
    "filters": [],
    "locked": false,
    "speaker_ids": [],
    "attachments": [],
    "instances": [{
        "id": "519e6ad3ecdcc48b64000007",
        "room_id": "519e6a13ecdcc48b64000004",
        "duration": 120,
        "date": "2013-06-27",
        "time": "20:00",
        "capacity": 139,
        "attendance": 0
    }]
}, {
    "public": true,
    "id": "519e6af3ecdcc48b64000008",
    "name": "Breakfast & Registration",
    "code": null,
    "description": "Say hello & get your badge.",
    "filters": [],
    "locked": false,
    "speaker_ids": [],
    "attachments": [],
    "instances": [{
        "id": "519e6bdcecdcc48b6400000c",
        "room_id": "519e77e0ecdcc473cd000008",
        "duration": 60,
        "date": "2013-06-28",
        "time": "08:00",
        "capacity": 800,
        "attendance": 0
    }]
}, {
    "public": true,
    "id": "519e6beaecdcc4368b000001",
    "name": "Opening Remarks",
    "code": null,
    "description": "Session Description",
    "filters": [],
    "locked": false,
    "speaker_ids": [],
    "attachments": [],
    "instances": [{
        "id": "519e6c04ecdcc4368b000002",
        "room_id": "519e6b65ecdcc48b64000009",
        "duration": 30,
        "date": "2013-06-28",
        "time": "09:00",
        "capacity": 800,
        "attendance": 0
    }]
}, {
    "public": true,
    "id": "519e76abecdcc473cd000001",
    "name": "When Bootstrap Attacks",
    "code": null,
    "description": "Like many a startup, our original codebase was built around Twitter Bootstrap for its look and feel. It was the easiest way for a bunch of backend engineers to get the app quickly up and running and have it still be somewhat usable.\n\nAll was well and good, until it was time to upgrade Bootstrap. Because of the ways that Bootstrap and our own codebase are architected, it took a month of coding, a week of Q&A, and a week of post-release fixes, just to make the \"simple upgrade\".\n\nIt really shouldn't have to be that way for you, so in this talk, I'll share what I learned and what I'd recommend for your own CSS architecture.",
    "filters": [],
    "locked": false,
    "speaker_ids": ["519e6183ecdcc4b293000003"],
    "attachments": [],
    "instances": [{
        "id": "519e76dcecdcc473cd000002",
        "room_id": "519e6b65ecdcc48b64000009",
        "duration": 30,
        "date": "2013-06-28",
        "time": "09:30",
        "capacity": 800,
        "attendance": 0
    }]
}, {
    "public": true,
    "id": "519e7706ecdcc473cd000003",
    "name": "Sweating the Small Stuff: Using Preprocessors to recreate subtle design elements in CSS",
    "code": null,
    "description": "Converting small visual details from Photoshop to CSS can be a pain. What are Blend Modes? How do you convert the Photoshop Drop Shadow values to the CSS syntax? What exactly is Bevel and Emboss supposed to do, anyway?\n\nMany of the common layer styles in Photoshop are impossible - or too time-consuming - to faithfully recreate in CSS. However, by harnessing the power of CSS Preprocessors, we can utilize functions & mixins to reduce the friction between a static comp and an interactive site without missing any of the details.",
    "filters": [],
    "locked": false,
    "speaker_ids": ["519e6229ecdcc4b293000006"],
    "attachments": [],
    "instances": [{
        "id": "519e7722ecdcc473cd000004",
        "room_id": "519e6b65ecdcc48b64000009",
        "duration": 30,
        "date": "2013-06-28",
        "time": "10:00",
        "capacity": 800,
        "attendance": 0
    }]
}, {
    "public": true,
    "id": "519e7755ecdcc473cd000005",
    "name": "Don't Fear the Flexbox",
    "code": null,
    "description": "Back in the day, flexbox was supposed to be the answer to our layout troubles. It was a simple tool for controlling and altering the layout of a series of child elements. We put our layout hopes in the hands of the flexbox spec, only to see it partially implemented and then crushed, taking our layout dreams along with it.\n\nWell, flexbox is back and this time it's simpler, more powerful, and more importantly, here to stay. We'll take a quick look at the history of the flexbox, survey the current flexbox spec, and see how easy it is to build powerful, flexible layouts with this new layout specification.",
    "filters": [],
    "locked": false,
    "speaker_ids": ["519e600eecdcc4942c000001"],
    "attachments": [],
    "instances": [{
        "id": "519e7776ecdcc473cd000006",
        "room_id": "519e6b65ecdcc48b64000009",
        "duration": 30,
        "date": "2013-06-28",
        "time": "10:30",
        "capacity": 800,
        "attendance": 0
    }]
}, {
    "public": true,
    "id": "519e77d1ecdcc473cd000007",
    "name": "Break",
    "code": null,
    "description": "Grab a coffee and some new friends.",
    "filters": [],
    "locked": false,
    "speaker_ids": [],
    "attachments": [],
    "instances": [{
        "id": "519e781becdcc473cd000009",
        "room_id": "519e77e0ecdcc473cd000008",
        "duration": 30,
        "date": "2013-06-28",
        "time": "11:00",
        "capacity": 800,
        "attendance": 0
    }, {
        "id": "519e8771ecdcc4e4f400000d",
        "room_id": "519e77e0ecdcc473cd000008",
        "duration": 30,
        "date": "2013-06-28",
        "time": "14:30",
        "capacity": 800,
        "attendance": 0
    }, {
        "id": "519e8b44ecdcc4944d00001a",
        "room_id": "519e77e0ecdcc473cd000008",
        "duration": 30,
        "date": "2013-06-28",
        "time": "17:00",
        "capacity": 800,
        "attendance": 0
    }]
}, {
    "public": true,
    "id": "519e85b4ecdcc4e4f4000001",
    "name": "Abusing Preprocessor ASTs",
    "code": null,
    "description": "One of the coolest benefits of preprocessors is that they have easy-to-grok open source parsers that you can actually get into. By injecting yourself after the pre-CSS code has been parsed, you can have a data-centric view of your styles. You can use this information to reduce complexity, point out probable mistakes, or more interestingly, gather metrics, and implement real-time update mechanisms on the client side.",
    "filters": [],
    "locked": false,
    "speaker_ids": ["519e684fecdcc4d667000003"],
    "attachments": [],
    "instances": [{
        "id": "519e85d5ecdcc4e4f4000002",
        "room_id": "519e6b65ecdcc48b64000009",
        "duration": 30,
        "date": "2013-06-28",
        "time": "11:00",
        "capacity": 800,
        "attendance": 0
    }]
}, {
    "public": true,
    "id": "519e8603ecdcc4e4f4000003",
    "name": "The Humble Border-radius",
    "code": null,
    "description": "Border-radius is humble. It will never show off. Everyone and their cat think they know it well, but it won’t stand up to defend itself. Instead, it will smirk quietly while everybody is busy paying attention to its more flashy siblings, confident in its own skin. Border-radius might seem superficially simple, but it can be very powerful. However, its powers are reserved only for those who know how to unleash them. Under its superficial simplicity it hides some of the most complex algorithms in CSS. Intrigued? Come to this talk, and prepare to be surprised.",
    "filters": [],
    "locked": false,
    "speaker_ids": ["519e697fecdcc48b64000002"],
    "attachments": [],
    "instances": [{
        "id": "519e8623ecdcc4e4f4000004",
        "room_id": "519e6b65ecdcc48b64000009",
        "duration": 30,
        "date": "2013-06-28",
        "time": "11:30",
        "capacity": 800,
        "attendance": 0
    }]
}, {
    "public": true,
    "id": "519e8636ecdcc4e4f4000005",
    "name": "Lunch",
    "code": null,
    "description": "It is going to be delicious!",
    "filters": [],
    "locked": false,
    "speaker_ids": [],
    "attachments": [],
    "instances": [{
        "id": "519e865fecdcc4e4f4000006",
        "room_id": "519e6a13ecdcc48b64000004",
        "duration": 60,
        "date": "2013-06-28",
        "time": "12:00",
        "capacity": 139,
        "attendance": 0
    }]
}, {
    "public": true,
    "id": "519e866fecdcc4e4f4000007",
    "name": "Meet Topcoat",
    "code": null,
    "description": "Meet Topcoat, Adobe's open source UI library. Learn from our experiences building our performance driven CSS UI library for creating native applications with web standards. We will cover our design philosophies as well as our extensive benchmarking and optimization discoveries behind Topcoat.",
    "filters": [],
    "locked": false,
    "speaker_ids": ["519e624decdcc4b293000007", "519e62ceecdcc4b293000008"],
    "attachments": [],
    "instances": [{
        "id": "519e86c5ecdcc4e4f4000008",
        "room_id": "519e6b65ecdcc48b64000009",
        "duration": 30,
        "date": "2013-06-28",
        "time": "13:00",
        "capacity": 800,
        "attendance": 0
    }]
}, {
    "public": true,
    "id": "519e86d7ecdcc4e4f4000009",
    "name": "3D All of the Things",
    "code": null,
    "description": "A discussion of CSS tricks learned during development of the Google Zeitgeist 3D map.\n\nThe map is a 3D experiment using Three.js for layout, but entirely rendered in CSS.",
    "filters": [],
    "locked": false,
    "speaker_ids": ["519e6770ecdcc4d667000001"],
    "attachments": [],
    "instances": [{
        "id": "519e8705ecdcc4e4f400000a",
        "room_id": "519e6b65ecdcc48b64000009",
        "duration": 30,
        "date": "2013-06-28",
        "time": "13:30",
        "capacity": 800,
        "attendance": 0
    }]
}, {
    "public": true,
    "id": "519e8725ecdcc4e4f400000b",
    "name": "New Session",
    "code": null,
    "description": "Session Description",
    "filters": [],
    "locked": false,
    "speaker_ids": [],
    "attachments": [],
    "instances": [{
        "id": "519e8749ecdcc4e4f400000c",
        "room_id": "519e6b65ecdcc48b64000009",
        "duration": 30,
        "date": "2013-06-28",
        "time": "14:00",
        "capacity": 800,
        "attendance": 0
    }]
}, {
    "public": true,
    "id": "519e8781ecdcc4e4f400000e",
    "name": "Creating Interaction with CSS and Checkboxes",
    "code": null,
    "description": "Reacting to a button click/tap has usually been the domain of JavaScript but, what if I told you you don't need JavaScript and CSS is very capable of doing such interaction?\n\nUsing the :checked pseudo-class and some cleverly styled labels we can create a whole suite of cool interactions like tabs, modals and even image sliders.",
    "filters": [],
    "locked": false,
    "speaker_ids": ["519e682fecdcc4d667000002"],
    "attachments": [],
    "instances": [{
        "id": "519e881cecdcc4e4f400000f",
        "room_id": "519e6b65ecdcc48b64000009",
        "duration": 30,
        "date": "2013-06-28",
        "time": "15:00",
        "capacity": 800,
        "attendance": 0
    }]
}, {
    "public": true,
    "id": "519e887becdcc4e4f4000010",
    "name": "DOMkata: The Dark Art of Mobile Web",
    "code": null,
    "description": "With their tiny screens, multitouch and lack of Flash, mobile devices ushered in a new era of web standards. But the dream of a post-IE6 world quickly unraveled in the face of all-new problems: AndroidOS fragmentation, buggy CSS support, and an ever growing range of screen aspect ratios.\n\nFortunately, emerging design patterns, workarounds, hacks and some clever font tricks can help make the chaotic mobile web landscape more manageable. By embracing the concept of the resolution-independent viewport, and by understanding the underlying assumptions that iOS and Android browsers are making, even the most complex designs can be rendered exactly as intended, across all platforms and devices.",
    "filters": [],
    "locked": false,
    "speaker_ids": ["519e694aecdcc48b64000001"],
    "attachments": [],
    "instances": [{
        "id": "519e88a8ecdcc4e4f4000012",
        "room_id": "519e6b65ecdcc48b64000009",
        "duration": 30,
        "date": "2013-06-28",
        "time": "15:30",
        "capacity": 800,
        "attendance": 0
    }]
}, {
    "public": true,
    "id": "519e88caecdcc4e4f4000013",
    "name": "Responsive Typography Techniques",
    "code": null,
    "description": "The same typographic rules can rarely cover the bases for every screen size, and that can lead to some curious looking typographic situations in your responsive layout. This presentation will arm you with tips for how to best keep your type in check and looking its best across all screens. We'll look at how to identify where your type needs a little extra hand, and how to remedy the situation with some type centric \"tweak points\" and rules.\n\nWe'll cover techniques for keeping your line lengths, type sizes, and leading in check across the board for maximum reading comfort and content sensibility. Your readers will be happier and your design will look more polished. It's win-win for all involved!",
    "filters": [],
    "locked": false,
    "speaker_ids": ["519e61fdecdcc4b293000005"],
    "attachments": [],
    "instances": [{
        "id": "519e89f6ecdcc4944d000013",
        "room_id": "519e6b65ecdcc48b64000009",
        "duration": 30,
        "date": "2013-06-28",
        "time": "16:00",
        "capacity": 800,
        "attendance": 0
    }]
}, {
    "public": true,
    "id": "519e8a1becdcc4944d000014",
    "name": "Main Sponsors",
    "code": null,
    "description": "Find out who we can thank for CSSConf",
    "filters": [],
    "locked": false,
    "speaker_ids": [],
    "attachments": [],
    "instances": [{
        "id": "519e8a57ecdcc4944d000017",
        "room_id": "519e6b65ecdcc48b64000009",
        "duration": 30,
        "date": "2013-06-28",
        "time": "16:30",
        "capacity": 800,
        "attendance": 0
    }]
}, {
    "public": true,
    "id": "519e8b63ecdcc4944d00001b",
    "name": "How to be Smooth: Animation & Scrolling Performance",
    "code": null,
    "description": "Sweet, smooth UI effects for your app! Not so easy! Let’s talk about jank, and how to avoid it. We’ll talk about some of the improvements we’ve made to the CSS animation implementation in Chrome so you can make stuff wiggle without hitching, and some common performance pitfalls to avoid. Most importantly, we’ll demonstrate how to find these pitfalls with Chrome’s tools so you can investigate performance problems on your own in the future -- there’s no magic bullet for rendering performance.",
    "filters": [],
    "locked": false,
    "speaker_ids": ["519e6119ecdcc4942c000002", "519e6147ecdcc4942c000003"],
    "attachments": [],
    "instances": [{
        "id": "519e8b81ecdcc4944d00001c",
        "room_id": "519e6b65ecdcc48b64000009",
        "duration": 30,
        "date": "2013-06-28",
        "time": "17:30",
        "capacity": 800,
        "attendance": 0
    }]
}, {
    "public": true,
    "id": "519e8b9decdcc4944d00001d",
    "name": "The Purification of Web Development",
    "code": null,
    "description": "In front-end development, the term \"best practice\" is sometimes attached to the search for absolute truths and the purging of alternative approaches. As web developers, we should become accustomed to reevaluating our knowledge and assumptions as the nature of web development continues to change. This talk will look at the historical context of some dominant ideas about HTML/CSS development, and touch upon how the future of the web platform will fundamentally change the way we work.",
    "filters": [],
    "locked": false,
    "speaker_ids": ["519e61a7ecdcc4b293000004"],
    "attachments": [],
    "instances": [{
        "id": "519e8bc3ecdcc4944d00001e",
        "room_id": "519e6b65ecdcc48b64000009",
        "duration": 30,
        "date": "2013-06-28",
        "time": "18:00",
        "capacity": 800,
        "attendance": 0
    }]
}, {
    "public": true,
    "id": "519e8bd6ecdcc4944d00001f",
    "name": "Closing Remarks",
    "code": null,
    "description": "A wrap up of the day",
    "filters": [],
    "locked": false,
    "speaker_ids": [],
    "attachments": [],
    "instances": [{
        "id": "519e8bfeecdcc4944d000020",
        "room_id": "519e6b65ecdcc48b64000009",
        "duration": 30,
        "date": "2013-06-28",
        "time": "18:30",
        "capacity": 800,
        "attendance": 0
    }]
}, {
    "public": true,
    "id": "519e8c14ecdcc4944d000021",
    "name": "Microsoft/IE Reach the Beach Closing Party",
    "code": null,
    "description": "After a day of learning, come down to the beach for our evening closing party. We will be sharing the party with JSConf attendees. Chat about what you saw at the conference with fellow attendees, and enjoy the sand between your toes! We will have various things going on during this event including light appetizers, refreshments, and possibly a little bit of live music.",
    "filters": [],
    "locked": false,
    "speaker_ids": [],
    "attachments": [],
    "instances": [{
        "id": "519e8c67ecdcc4944d000023",
        "room_id": "519e8c3aecdcc4944d000022",
        "duration": 90,
        "date": "2013-06-28",
        "time": "19:00",
        "capacity": 800,
        "attendance": 0
    }]
}]
